GradeLastModified,LastSystemLogin
2017-05-26T04:25:56.037,8/22/2017 7:33:06 PM
2017-06-23T06:46:34.327,8/16/2017 5:48:24 AM
2017-03-31T04:53:04.263,6/06/2017 15:29
2017-05-16T04:41:34.627,6/12/2017 12:27
2017-06-23T06:46:32.933,8/02/2017 7:43
2017-06-23T06:46:48.233,6/07/2017 11:07
2017-05-16T04:41:51.560,6/04/2017 7:39
2017-04-04T07:04:23.007,7/09/2017 15:23
2017-06-23T06:46:48.503,8/28/2017 9:43:48 AM
2017-05-30T03:08:22.607,8/09/2017 12:08
2017-06-23T06:46:44.150,8/06/2017 5:10
2017-03-31T04:53:13.990,7/02/2017 18:12
,
,
,
